<?xml version="1.0" encoding="UTF-8"?>
<Configuration>
  <Appenders>
    <Console name="Console">
      <PatternLayout pattern="%d{HH:mm:ss} [%t] %-5level %logger{36} %n         - %msg%n"/>
    </Console>
	
	<File name="MyFile" fileName="server.log" append="false">
       <PatternLayout pattern="%d{HH:mm:ss} [%t] %-5level %logger{36} %n          - %msg%n"/>
    </File>
	
  </Appenders>
  <Loggers>
	<Root level="all" >
      <AppenderRef ref="MyFile"/>
      <AppenderRef ref="Console"/>
    </Root>
  </Loggers>
</Configuration>